Period,Simple Variant Entropy,Simple Normalized Variant Entropy,Simple Sequence Entropy,Simple Normalized Sequence Entropy,Magnitude,Support,Variety,Minimum trace length,Average trace length,Maximum trace length,Level of detail,Pentland task complexity,Pentland process complexity,Lempel-Ziv,Distinct traces,Distinct traces (percentage),Structure,Affinity,Deviation from random,Average edit distance
1,0.0,0.0,0.0,0.0,240.0,40.0,6.0,6.0,6.0,6.0,6.0,6.0,1.0,83.0,1.0,2.5,0.8611111111111112,1.0,0.5850033467337088,0.0
2,0.0,0.0,0.0,0.0,240.0,40.0,6.0,6.0,6.0,6.0,6.0,6.0,1.0,82.0,1.0,2.5,0.8611111111111112,1.0,0.5850033467337088,0.0
3,4.4986811569504646,0.2704260414863775,95.3471158303779,0.10200473723690759,180.0,40.0,6.0,3.0,4.5,6.0,4.5,9.0,1.4454397707459274,65.0,2.0,5.0,0.8055555555555556,0.48717948717948717,0.660766503600595,1.5384615384615385
4,0.0,0.0,0.0,0.0,120.0,40.0,3.0,3.0,3.0,3.0,3.0,3.0,1.0,33.0,1.0,2.5,0.7777777777777778,1.0,0.3763904355376765,0.0
5,0.0,0.0,0.0,0.0,120.0,40.0,3.0,3.0,3.0,3.0,3.0,3.0,1.0,32.0,1.0,2.5,0.7777777777777778,1.0,0.3763904355376765,0.0
