Period,Simple Variant Entropy,Simple Normalized Variant Entropy,Simple Sequence Entropy,Simple Normalized Sequence Entropy,Magnitude,Support,Variety,Minimum trace length,Average trace length,Maximum trace length,Level of detail,Pentland task complexity,Pentland process complexity,Lempel-Ziv,Distinct traces,Distinct traces (percentage),Structure,Affinity,Deviation from random,Average edit distance
1,0.0,0.0,0.0,0.0,240.0,40.0,6.0,6.0,6.0,6.0,6.0,6.0,1.0,86.0,1.0,2.5,0.8611111111111112,1.0,0.5850033467337088,0.0
2,0.0,0.0,0.0,0.0,240.0,40.0,6.0,6.0,6.0,6.0,6.0,6.0,1.0,88.0,1.0,2.5,0.8611111111111112,1.0,0.5850033467337088,0.0
3,9.5607134658066,0.25876971183495695,34.97238230166663,0.026986315203762025,237.0,40.0,6.0,3.0,5.925,6.0,6.0,15.0,1.4454397707459274,81.0,2.0,5.0,0.8055555555555556,0.95,0.5922205833447585,0.15
4,0.0,0.0,0.0,0.0,240.0,40.0,6.0,6.0,6.0,6.0,6.0,6.0,1.0,81.0,1.0,2.5,0.8611111111111112,1.0,0.5850033467337088,0.0
5,0.0,0.0,0.0,0.0,240.0,40.0,6.0,6.0,6.0,6.0,6.0,6.0,1.0,86.0,1.0,2.5,0.8611111111111112,1.0,0.5850033467337088,0.0
