Period,Simple Variant Entropy,Simple Normalized Variant Entropy,Simple Sequence Entropy,Simple Normalized Sequence Entropy,Simple Sequence Entropy (linear forgetting),Simple Normalized Sequence Entropy (linear forgetting),"Simple Sequence Entropy (exponential forgetting, k1)","Simple Normalized Sequence Entropy (exponential forgetting, k1)",Magnitude,Support,Variety,Minimum trace length,Average trace length,Maximum trace length,Level of detail,Pentland task complexity,Pentland process complexity,Lempel-Ziv,Distinct traces,Distinct traces (percentage),Structure,Affinity,Deviation from random,Average edit distance
1,0.0,0.0,0.0,0.0,0.0,0.0,0.0,0.0,240.0,40.0,6.0,6.0,6.0,6.0,6.0,6.0,1.0,83.0,1.0,2.5,0.8611111111111112,1.0,0.5850033467337088,0.0
2,0.0,0.0,0.0,0.0,0.0,0.0,0.0,0.0,480.0,80.0,6.0,6.0,6.0,6.0,6.0,6.0,1.0,142.0,1.0,1.25,0.8611111111111112,1.0,0.5850033467337088,0.0
3,4.4986811569504646,0.2704260414863775,150.8970365646885,0.03521617798984785,121.32367410957437,0.028314380448375812,130.8274033300763,0.03053234991560943,660.0,120.0,6.0,3.0,5.5,6.0,5.5,9.0,1.4454397707459274,184.0,2.0,1.6666666666666667,0.8055555555555556,0.7198879551820728,0.6173337348190402,0.8403361344537815
4,4.4986811569504646,0.2704260414863775,334.8719571058805,0.06446975116410117,246.66532108099955,0.04748815639369017,272.5956744301252,0.05248028366067054,780.0,160.0,6.0,3.0,4.875,6.0,4.875,9.0,1.4454397707459274,209.0,2.0,1.25,0.8055555555555556,0.5283018867924528,0.6521127307777037,1.4150943396226414
5,4.4986811569504646,0.2704260414863775,476.73557915188917,0.07787054669535068,331.57534616811483,0.05415990458011305,372.30309072664,0.06081242197787686,900.0,200.0,6.0,3.0,4.5,6.0,4.5,9.0,1.4454397707459274,229.0,2.0,1.0,0.8055555555555556,0.49748743718592964,0.660766503600595,1.5075376884422111
