Period,Simple Variant Entropy,Simple Normalized Variant Entropy,Simple Sequence Entropy,Simple Normalized Sequence Entropy,Magnitude,Support,Variety,Minimum trace length,Average trace length,Maximum trace length,Level of detail,Pentland task complexity,Pentland process complexity,Lempel-Ziv,Distinct traces,Distinct traces (percentage),Structure,Affinity,Deviation from random,Average edit distance
1,0.0,0.0,0.0,0.0,240.0,40.0,6.0,6.0,6.0,6.0,6.0,6.0,1.0,85.0,1.0,2.5,0.8611111111111112,1.0,0.5850033467337088,0.0
2,5.292505905263855,0.31814466764165494,126.89802224389848,0.11696786258425723,204.0,40.0,6.0,3.0,5.1,6.0,5.1,9.0,1.4454397707459274,77.0,2.0,5.0,0.8055555555555556,0.5692307692307692,0.6412846342900762,1.2923076923076924
3,4.4986811569504646,0.2704260414863775,95.3471158303779,0.10200473723690759,180.0,40.0,6.0,3.0,4.5,6.0,4.5,9.0,1.4454397707459274,67.0,2.0,5.0,0.8055555555555556,0.48717948717948717,0.660766503600595,1.5384615384615385
4,5.292505905263855,0.31814466764165494,103.93943701668954,0.13194008729321627,156.0,40.0,6.0,3.0,3.9,6.0,3.9,9.0,1.4454397707459274,58.0,2.0,5.0,0.8055555555555556,0.5692307692307692,0.6228290917349469,1.2923076923076924
5,0.0,0.0,0.0,0.0,120.0,40.0,3.0,3.0,3.0,3.0,3.0,3.0,1.0,36.0,1.0,2.5,0.7777777777777778,1.0,0.3763904355376765,0.0
